t,x,y,vx,vy
0.0,0.0,0.0,30.0,50.0
0.008333333333333333,0.25,0.4163261579861111,30.0,49.91827791666667
0.016666666666666666,0.5,0.8319712986111112,30.0,49.836555833333335
0.025,0.75,1.246935421875,30.0,49.75483375
0.03333333333333333,1.0,1.6612185277777778,30.0,49.673111666666664
0.041666666666666664,1.25,2.0748206163194443,30.0,49.59138958333333
0.05,1.5,2.4877416875,30.0,49.5096675
0.058333333333333334,1.75,2.8999817413194444,30.0,49.42794541666667
0.06666666666666667,2.0,3.311540777777778,30.0,49.346223333333334
0.075,2.25,3.722418796875,30.0,49.26450125
0.08333333333333333,2.5,4.132615798611111,30.0,49.18277916666667
0.09166666666666666,2.75,4.542131782986111,30.0,49.10105708333333
0.1,3.0,4.95096675,30.0,49.019335
0.10833333333333334,3.25,5.359120699652778,30.0,48.937612916666666
0.11666666666666667,3.5,5.766593631944444,30.0,48.85589083333333
0.125,3.75,6.173385546875,30.0,48.77416875
0.13333333333333333,4.0,6.579496444444445,30.0,48.69244666666667
0.14166666666666666,4.25,6.984926324652777,30.0,48.61072458333334
0.15,4.5,7.3896751875,30.0,48.5290025
0.15833333333333333,4.75,7.793743032986111,30.0,48.447280416666665
0.16666666666666666,5.0,8.19712986111111,30.0,48.36555833333333
0.175,5.25,8.599835671875,30.0,48.28383625
0.18333333333333332,5.5,9.001860465277778,30.0,48.20211416666667
0.19166666666666668,5.75,9.403204241319445,30.0,48.120392083333336
0.2,6.0,9.803867,30.0,48.03867
0.20833333333333334,6.25,10.203848741319446,30.0,47.956947916666664
0.21666666666666667,6.5,10.60314946527778,30.0,47.87522583333333
0.225,6.75,11.001769171875,30.0,47.79350375
0.23333333333333334,7.0,11.39970786111111,30.0,47.71178166666667
0.24166666666666667,7.25,11.796965532986112,30.0,47.630059583333335
0.25,7.5,12.1935421875,30.0,47.5483375
0.25833333333333336,7.750000000000001,12.589437824652778,30.0,47.46661541666667
0.26666666666666666,8.0,12.984652444444444,30.0,47.38489333333333
0.275,8.25,13.379186046875002,30.0,47.30317125
0.2833333333333333,8.5,13.773038631944443,30.0,47.221449166666666
0.2916666666666667,8.75,14.16621019965278,30.0,47.139727083333334
0.3,9.0,14.55870075,30.0,47.058005
0.30833333333333335,9.25,14.950510282986112,30.0,46.97628291666667
0.31666666666666665,9.5,15.34163879861111,30.0,46.89456083333334
0.325,9.75,15.732086296875,30.0,46.81283875
0.3333333333333333,10.0,16.121852777777775,30.0,46.731116666666665
0.3416666666666667,10.25,16.510938241319444,30.0,46.64939458333333
0.35,10.5,16.8993426875,30.0,46.5676725
0.35833333333333334,10.75,17.287066116319444,30.0,46.48595041666667
0.36666666666666664,11.0,17.674108527777776,30.0,46.404228333333336
0.375,11.25,18.060469921875,30.0,46.32250625
0.38333333333333336,11.5,18.446150298611112,30.0,46.240784166666664
0.39166666666666666,11.75,18.83114965798611,30.0,46.15906208333333
0.4,12.0,19.215468,30.0,46.07734
0.4083333333333333,12.25,19.59910532465278,30.0,45.99561791666667
0.4166666666666667,12.5,19.982061631944447,30.0,45.913895833333335
0.425,12.75,20.364336921875,30.0,45.83217375
0.43333333333333335,13.0,20.745931194444445,30.0,45.75045166666666
0.44166666666666665,13.25,21.126844449652776,30.0,45.66872958333333
0.45,13.5,21.5070766875,30.0,45.5870075
0.4583333333333333,13.75,21.88662790798611,30.0,45.505285416666666
0.4666666666666667,14.0,22.26549811111111,30.0,45.423563333333334
0.475,14.25,22.643687296875,30.0,45.34184125
0.48333333333333334,14.5,23.021195465277778,30.0,45.26011916666667
0.49166666666666664,14.75,23.398022616319444,30.0,45.17839708333334
0.5,15.0,23.77416875,30.0,45.096675
0.5083333333333333,15.25,24.14963386631944,30.0,45.014952916666665
0.5166666666666667,15.500000000000002,24.52441796527778,30.0,44.93323083333333
0.525,15.75,24.898521046875,30.0,44.85150875
0.5333333333333333,16.0,25.271943111111113,30.0,44.76978666666667
0.5416666666666666,16.25,25.64468415798611,30.0,44.688064583333336
0.55,16.5,26.016744187500002,30.0,44.6063425
0.5583333333333333,16.75,26.388123199652778,30.0,44.524620416666664
0.5666666666666667,17.0,26.758821194444444,30.0,44.44289833333333
0.575,17.25,27.128838171874996,30.0,44.36117625
0.5833333333333334,17.5,27.498174131944445,30.0,44.27945416666667
0.5916666666666667,17.75,27.866829074652777,30.0,44.197732083333335
0.6,18.0,28.234803,30.0,44.11601
0.6083333333333333,18.25,28.602095907986108,30.0,44.03428791666667
0.6166666666666667,18.5,28.968707798611113,30.0,43.95256583333333
0.625,18.75,29.334638671875,30.0,43.87084375
0.6333333333333333,19.0,29.699888527777777,30.0,43.78912166666667
0.6416666666666667,19.25,30.064457366319445,30.0,43.707399583333334
0.65,19.5,30.4283451875,30.0,43.6256775
0.6583333333333333,19.75,30.79155199131944,30.0,43.54395541666667
0.6666666666666666,20.0,31.154077777777772,30.0,43.46223333333333
0.675,20.25,31.515922546875,30.0,43.38051125
0.6833333333333333,20.5,31.877086298611108,30.0,43.298789166666666
0.6916666666666667,20.75,32.237569032986116,30.0,43.21706708333333
0.7,21.0,32.59737075,30.0,43.135345
0.7083333333333334,21.25,32.95649144965278,30.0,43.05362291666667
0.7166666666666667,21.5,33.31493113194445,30.0,42.971900833333336
0.725,21.75,33.672689796875,30.0,42.890178750000004
0.7333333333333333,22.0,34.029767444444445,30.0,42.808456666666665
0.7416666666666667,22.25,34.38616407465278,30.0,42.72673458333333
0.75,22.5,34.7418796875,30.0,42.6450125
0.7583333333333333,22.75,35.096914282986106,30.0,42.56329041666667
0.7666666666666667,23.0,35.45126786111111,30.0,42.481568333333335
0.775,23.25,35.804940421875,30.0,42.39984625
0.7833333333333333,23.5,36.157931965277776,30.0,42.318124166666664
0.7916666666666666,23.75,36.51024249131944,30.0,42.23640208333333
0.8,24.0,36.861872,30.0,42.15468
0.8083333333333333,24.25,37.21282049131944,30.0,42.07295791666667
0.8166666666666667,24.5,37.56308796527778,30.0,41.991235833333334
0.825,24.75,37.912674421875,30.0,41.90951375
0.8333333333333334,25.0,38.261579861111116,30.0,41.82779166666667
0.8416666666666667,25.25,38.60980428298611,30.0,41.74606958333334
0.85,25.5,38.9573476875,30.0,41.6643475
0.8583333333333333,25.75,39.30421007465277,30.0,41.582625416666666
0.8666666666666667,26.0,39.650391444444445,30.0,41.50090333333333
0.875,26.25,39.995891796875,30.0,41.41918125
0.8833333333333333,26.5,40.340711131944445,30.0,41.33745916666667
0.8916666666666667,26.75,40.68484944965278,30.0,41.25573708333333
0.9,27.0,41.02830675,30.0,41.174015
0.9083333333333333,27.25,41.37108303298611,30.0,41.092292916666665
0.9166666666666666,27.5,41.713178298611105,30.0,41.01057083333333
0.925,27.75,42.054592546875,30.0,40.92884875
0.9333333333333333,28.0,42.39532577777778,30.0,40.84712666666667
0.9416666666666667,28.25,42.735377991319446,30.0,40.765404583333336
0.95,28.5,43.074749187500004,30.0,40.6836825
0.9583333333333334,28.75,43.41343936631945,30.0,40.60196041666667
0.9666666666666667,29.0,43.75144852777778,30.0,40.52023833333333
0.975,29.25,44.088776671875,30.0,40.43851625
0.9833333333333333,29.5,44.42542379861111,30.0,40.35679416666667
0.9916666666666667,29.75,44.761389907986114,30.0,40.275072083333335
1.0,30.0,45.096675,30.0,40.19335
1.0083333333333333,30.25,45.43127907465278,30.0,40.11162791666667
1.0166666666666666,30.5,45.76520213194444,30.0,40.02990583333333
1.025,30.749999999999996,46.098444171874995,30.0,39.94818375
1.0333333333333334,31.000000000000004,46.431005194444445,30.0,39.866461666666666
1.0416666666666667,31.250000000000004,46.76288519965278,30.0,39.784739583333334
1.05,31.5,47.0940841875,30.0,39.7030175
1.0583333333333333,31.75,47.42460215798611,30.0,39.62129541666667
1.0666666666666667,32.0,47.75443911111111,30.0,39.53957333333334
1.075,32.25,48.083595046875004,30.0,39.457851250000004
1.0833333333333333,32.5,48.41206996527778,30.0,39.37612916666667
1.0916666666666666,32.75,48.73986386631944,30.0,39.29440708333333
1.1,33.0,49.06697675000001,30.0,39.212685
1.1083333333333334,33.25,49.39340861631945,30.0,39.13096291666667
1.1166666666666667,33.5,49.719159465277784,30.0,39.049240833333336
1.125,33.75,50.044229296875,30.0,38.967518749999996
1.1333333333333333,34.0,50.36861811111111,30.0,38.885796666666664
1.1416666666666666,34.25,50.69232590798611,30.0,38.80407458333333
1.15,34.5,51.01535268749999,30.0,38.7223525
1.1583333333333334,34.75,51.337698449652784,30.0,38.64063041666667
1.1666666666666667,35.0,51.659363194444445,30.0,38.558908333333335
1.175,35.25,51.980346921875,30.0,38.47718625
1.1833333333333333,35.5,52.30064963194444,30.0,38.39546416666667
1.1916666666666667,35.75,52.620271324652784,30.0,38.31374208333334
1.2,36.0,52.939212,30.0,38.23202
1.2083333333333333,36.25,53.25747165798611,30.0,38.150297916666666
1.2166666666666666,36.5,53.57505029861111,30.0,38.068575833333334
1.225,36.75,53.89194792187501,30.0,37.98685375
1.2333333333333334,37.0,54.20816452777778,30.0,37.90513166666667
1.2416666666666667,37.25,54.523700116319446,30.0,37.82340958333333
1.25,37.5,54.8385546875,30.0,37.7416875
1.2583333333333333,37.75,55.152728241319444,30.0,37.659965416666665
1.2666666666666666,38.0,55.46622077777778,30.0,37.57824333333333
1.275,38.25,55.779032296874995,30.0,37.49652125
1.2833333333333334,38.5,56.091162798611116,30.0,37.41479916666667
1.2916666666666667,38.75,56.40261228298612,30.0,37.333077083333336
1.3,39.0,56.71338075,30.0,37.251355000000004
1.3083333333333333,39.25,57.02346819965278,30.0,37.16963291666667
1.3166666666666667,39.5,57.33287463194444,30.0,37.08791083333333
1.325,39.75,57.641600046875,30.0,37.00618875
1.3333333333333333,40.0,57.94964444444444,30.0,36.92446666666667
1.3416666666666666,40.25,58.257007824652774,30.0,36.842744583333335
1.35,40.5,58.5636901875,30.0,36.761022499999996
1.3583333333333334,40.75,58.86969153298612,30.0,36.67930041666666
1.3666666666666667,41.0,59.17501186111111,30.0,36.59757833333333
1.375,41.25,59.479651171875,30.0,36.51585625
1.3833333333333333,41.5,59.783609465277785,30.0,36.43413416666667
1.3916666666666666,41.75,60.08688674131944,30.0,36.352412083333334
1.4,42.0,60.389483,30.0,36.27069
1.4083333333333334,42.25,60.69139824131945,30.0,36.18896791666667
1.4166666666666667,42.5,60.99263246527779,30.0,36.10724583333334
1.425,42.75,61.293185671875,30.0,36.02552375
1.4333333333333333,43.0,61.59305786111112,30.0,35.943801666666666
1.4416666666666667,43.25,61.89224903298611,30.0,35.86207958333333
1.45,43.5,62.1907591875,30.0,35.7803575
1.4583333333333333,43.75,62.48858832465277,30.0,35.69863541666667
1.4666666666666666,44.0,62.78573644444444,30.0,35.616913333333336
1.475,44.25,63.082203546875,30.0,35.53519125
1.4833333333333334,44.5,63.377989631944445,30.0,35.453469166666665
1.4916666666666667,44.75,63.67309469965277,30.0,35.37174708333333
1.5,45.0,63.967518749999996,30.0,35.290025
1.5083333333333333,45.25,64.26126178298611,30.0,35.20830291666667
1.5166666666666666,45.5,64.55432379861111,30.0,35.126580833333335
1.525,45.75,64.846704796875,30.0,35.04485875
1.5333333333333334,46.0,65.13840477777778,30.0,34.96313666666667
1.5416666666666667,46.25,65.42942374131945,30.0,34.88141458333333
1.55,46.5,65.7197616875,30.0,34.7996925
1.5583333333333333,46.75,66.00941861631945,30.0,34.71797041666667
1.5666666666666667,47.0,66.29839452777777,30.0,34.636248333333334
1.575,47.25,66.58668942187501,30.0,34.55452625
1.5833333333333333,47.5,66.8743032986111,30.0,34.47280416666667
1.5916666666666666,47.75,67.16123615798611,30.0,34.39108208333334
1.6,48.0,67.44748799999999,30.0,34.30936
1.6083333333333334,48.25,67.73305882465279,30.0,34.227637916666666
1.6166666666666667,48.5,68.01794863194444,30.0,34.14591583333333
1.625,48.75,68.302157421875,30.0,34.06419375
1.6333333333333333,49.0,68.58568519444445,30.0,33.98247166666667
1.6416666666666666,49.25,68.86853194965278,30.0,33.90074958333334
1.65,49.5,69.1506976875,30.0,33.819027500000004
1.6583333333333334,49.75,69.43218240798612,30.0,33.73730541666667
1.6666666666666667,50.0,69.71298611111112,30.0,33.65558333333333
1.675,50.25,69.99310879687499,30.0,33.57386125
1.6833333333333333,50.5,70.27255046527779,30.0,33.49213916666667
1.6916666666666667,50.75,70.55131111631944,30.0,33.410417083333336
1.7,51.0,70.82939075,30.0,33.328694999999996
1.7083333333333333,51.25,71.10678936631943,30.0,33.246972916666664
1.7166666666666666,51.5,71.38350696527777,30.0,33.16525083333333
1.725,51.75,71.659543546875,30.0,33.08352875
1.7333333333333334,52.0,71.93489911111112,30.0,33.00180666666667
1.7416666666666667,52.25,72.20957365798611,30.0,32.920084583333335
1.75,52.5,72.4835671875,30.0,32.8383625
1.7583333333333333,52.75,72.75687969965279,30.0,32.75664041666667
1.7666666666666666,53.0,73.02951119444444,30.0,32.67491833333334
1.775,53.25,73.301461671875,30.0,32.593196250000005
1.7833333333333334,53.5,73.57273113194445,30.0,32.511474166666666
1.7916666666666667,53.75,73.84331957465278,30.0,32.429752083333334
1.8,54.0,74.113227,30.0,32.34803
1.8083333333333333,54.25,74.38245340798612,30.0,32.26630791666667
1.8166666666666667,54.5,74.65099879861111,30.0,32.18458583333333
1.825,54.75,74.918863171875,30.0,32.10286375
1.8333333333333333,55.0,75.18604652777776,30.0,32.021141666666665
1.8416666666666666,55.25,75.45254886631945,30.0,31.939419583333336
1.85,55.5,75.7183701875,30.0,31.8576975
1.8583333333333334,55.75,75.98351049131945,30.0,31.775975416666668
1.8666666666666667,56.0,76.24796977777777,30.0,31.694253333333336
1.875,56.25,76.511748046875,30.0,31.61253125
1.8833333333333333,56.5,76.77484529861111,30.0,31.530809166666668
1.8916666666666666,56.75,77.03726153298611,30.0,31.449087083333335
1.9,57.0,77.29899675,30.0,31.367365000000003
1.9083333333333334,57.25,77.56005094965278,30.0,31.285642916666667
1.9166666666666667,57.5,77.82042413194446,30.0,31.203920833333335
1.925,57.75,78.08011629687499,30.0,31.12219875
1.9333333333333333,58.0,78.33912744444444,30.0,31.040476666666667
1.9416666666666667,58.25,78.59745757465278,30.0,30.958754583333334
1.95,58.5,78.8551066875,30.0,30.877032500000002
1.9583333333333333,58.75,79.1120747829861,30.0,30.79531041666667
1.9666666666666666,59.0,79.36836186111111,30.0,30.713588333333334
1.975,59.25,79.62396792187499,30.0,30.63186625
1.9833333333333334,59.5,79.87889296527779,30.0,30.550144166666666
1.9916666666666667,59.75,80.13313699131945,30.0,30.468422083333333
2.0,60.0,80.3867,30.0,30.3867
2.0083333333333333,60.25,80.63958199131946,30.0,30.30497791666667
2.0166666666666666,60.5,80.89178296527777,30.0,30.223255833333337
2.025,60.75,81.143302921875,30.0,30.14153375
2.033333333333333,61.0,81.39414186111111,30.0,30.05981166666667
2.0416666666666665,61.24999999999999,81.64429978298611,30.0,29.978089583333336
2.05,61.49999999999999,81.8937766875,30.0,29.896367500000004
2.058333333333333,61.74999999999999,82.14257257465277,30.0,29.81464541666667
2.066666666666667,62.00000000000001,82.39068744444445,30.0,29.732923333333332
2.075,62.25000000000001,82.63812129687501,30.0,29.65120125
2.0833333333333335,62.50000000000001,82.88487413194446,30.0,29.569479166666667
2.091666666666667,62.75,83.13094594965278,30.0,29.487757083333335
2.1,63.0,83.37633675,30.0,29.406035
2.1083333333333334,63.25,83.62104653298611,30.0,29.324312916666667
2.1166666666666667,63.5,83.8650752986111,30.0,29.242590833333335
2.125,63.75,84.108423046875,30.0,29.160868750000002
2.1333333333333333,64.0,84.35108977777779,30.0,29.079146666666666
2.1416666666666666,64.25,84.59307549131944,30.0,28.997424583333334
2.15,64.5,84.8343801875,30.0,28.915702500000002
2.158333333333333,64.75,85.07500386631943,30.0,28.83398041666667
2.1666666666666665,65.0,85.31494652777778,30.0,28.752258333333337
2.175,65.25,85.55420817187499,30.0,28.67053625
2.183333333333333,65.5,85.7927887986111,30.0,28.58881416666667
2.191666666666667,65.75,86.03068840798612,30.0,28.507092083333333
2.2,66.0,86.26790700000001,30.0,28.42537
2.2083333333333335,66.25,86.50444457465278,30.0,28.343647916666665
2.216666666666667,66.5,86.74030113194445,30.0,28.261925833333333
2.225,66.75,86.975476671875,30.0,28.18020375
2.2333333333333334,67.0,87.20997119444445,30.0,28.098481666666668
2.2416666666666667,67.25,87.44378469965278,30.0,28.016759583333336
2.25,67.5,87.6769171875,30.0,27.9350375
2.2583333333333333,67.75,87.90936865798612,30.0,27.853315416666668
2.2666666666666666,68.0,88.1411391111111,30.0,27.771593333333335
2.275,68.25,88.37222854687501,30.0,27.689871250000003
2.283333333333333,68.5,88.60263696527778,30.0,27.60814916666667
2.2916666666666665,68.75,88.83236436631944,30.0,27.526427083333335
2.3,69.0,89.06141075,30.0,27.444705000000003
2.308333333333333,69.25,89.28977611631944,30.0,27.36298291666667
2.316666666666667,69.5,89.5174604652778,30.0,27.281260833333334
2.325,69.75,89.74446379687501,30.0,27.19953875
2.3333333333333335,70.0,89.97078611111111,30.0,27.117816666666666
2.341666666666667,70.25,90.19642740798612,30.0,27.036094583333334
2.35,70.5,90.4213876875,30.0,26.9543725
2.3583333333333334,70.75,90.64566694965278,30.0,26.872650416666666
2.3666666666666667,71.0,90.86926519444444,30.0,26.790928333333333
2.375,71.25,91.09218242187501,30.0,26.70920625
2.3833333333333333,71.5,91.31441863194445,30.0,26.62748416666667
2.3916666666666666,71.75,91.53597382465279,30.0,26.545762083333337
2.4,72.0,91.756848,30.0,26.46404
2.408333333333333,72.25,91.97704115798611,30.0,26.38231791666667
2.4166666666666665,72.5,92.19655329861111,30.0,26.300595833333336
2.425,72.75,92.41538442187499,30.0,26.218873750000004
2.433333333333333,73.0,92.63353452777778,30.0,26.13715166666667
2.441666666666667,73.25,92.85100361631945,30.0,26.055429583333332
2.45,73.5,93.0677916875,30.0,25.9737075
2.4583333333333335,73.75,93.28389874131945,30.0,25.891985416666667
2.466666666666667,74.0,93.49932477777779,30.0,25.810263333333335
2.475,74.25,93.714069796875,30.0,25.72854125
2.4833333333333334,74.5,93.92813379861111,30.0,25.646819166666667
2.4916666666666667,74.75,94.14151678298612,30.0,25.565097083333335
2.5,75.0,94.35421875,30.0,25.483375000000002
2.5083333333333333,75.25,94.56623969965278,30.0,25.40165291666667
2.5166666666666666,75.5,94.77757963194443,30.0,25.319930833333334
2.525,75.75,94.98823854687501,30.0,25.238208750000002
2.533333333333333,76.0,95.19821644444444,30.0,25.15648666666667
2.5416666666666665,76.25,95.40751332465278,30.0,25.074764583333337
2.55,76.5,95.6161291875,30.0,24.993042500000005
2.558333333333333,76.75,95.82406403298612,30.0,24.91132041666667
2.566666666666667,77.0,96.03131786111112,30.0,24.829598333333333
2.575,77.25,96.237890671875,30.0,24.74787625
2.5833333333333335,77.5,96.44378246527779,30.0,24.666154166666665
2.591666666666667,77.75,96.64899324131946,30.0,24.584432083333333
2.6,78.0,96.853523,30.0,24.50271
2.6083333333333334,78.25,97.05737174131943,30.0,24.420987916666668
2.6166666666666667,78.5,97.26053946527779,30.0,24.339265833333336
2.625,78.75,97.463026171875,30.0,24.25754375
2.6333333333333333,79.0,97.66483186111111,30.0,24.175821666666668
2.6416666666666666,79.25,97.86595653298613,30.0,24.094099583333335
2.65,79.5,98.06640018750001,30.0,24.012377500000003
2.658333333333333,79.75,98.26616282465278,30.0,23.93065541666667
2.6666666666666665,80.0,98.46524444444444,30.0,23.848933333333335
2.675,80.25,98.663645046875,30.0,23.767211250000003
2.683333333333333,80.5,98.86136463194444,30.0,23.68548916666667
2.691666666666667,80.75,99.05840319965279,30.0,23.603767083333334
2.7,81.0,99.25476075,30.0,23.522045
2.7083333333333335,81.25,99.45043728298613,30.0,23.440322916666666
2.716666666666667,81.5,99.64543279861113,30.0,23.358600833333334
2.725,81.75,99.839747296875,30.0,23.27687875
2.7333333333333334,82.0,100.03338077777778,30.0,23.19515666666667
2.7416666666666667,82.25,100.22633324131945,30.0,23.113434583333333
2.75,82.5,100.4186046875,30.0,23.0317125
2.7583333333333333,82.75,100.61019511631943,30.0,22.94999041666667
2.7666666666666666,83.0,100.8011045277778,30.0,22.868268333333337
2.775,83.25,100.991332921875,30.0,22.786546250000004
2.783333333333333,83.5,101.1808802986111,30.0,22.70482416666667
2.7916666666666665,83.75,101.3697466579861,30.0,22.623102083333336
2.8,84.0,101.55793200000001,30.0,22.541380000000004
2.808333333333333,84.25,101.74543632465279,30.0,22.45965791666667
2.816666666666667,84.5,101.93225963194445,30.0,22.377935833333332
2.825,84.75,102.118401921875,30.0,22.29621375
2.8333333333333335,85.0,102.30386319444446,30.0,22.214491666666667
2.841666666666667,85.25,102.48864344965278,30.0,22.132769583333335
2.85,85.5,102.6727426875,30.0,22.0510475
2.8583333333333334,85.75,102.8561609079861,30.0,21.969325416666667
2.8666666666666667,86.0,103.03889811111112,30.0,21.887603333333335
2.875,86.25,103.220954296875,30.0,21.805881250000002
2.8833333333333333,86.5,103.40232946527777,30.0,21.72415916666667
2.8916666666666666,86.75,103.58302361631945,30.0,21.642437083333334
2.9,87.0,103.76303675,30.0,21.560715000000002
2.908333333333333,87.25,103.94236886631944,30.0,21.47899291666667
2.9166666666666665,87.5,104.12101996527777,30.0,21.397270833333337
2.925,87.75,104.29899004687502,30.0,21.315548750000005
2.933333333333333,88.0,104.47627911111111,30.0,21.23382666666667
2.941666666666667,88.25,104.65288715798611,30.0,21.152104583333333
2.95,88.5,104.8288141875,30.0,21.0703825
2.9583333333333335,88.75,105.0040601996528,30.0,20.98866041666667
2.966666666666667,89.0,105.17862519444445,30.0,20.906938333333333
2.975,89.25,105.352509171875,30.0,20.82521625
2.9833333333333334,89.5,105.52571213194443,30.0,20.743494166666668
2.9916666666666667,89.75,105.69823407465279,30.0,20.661772083333336
3.0,90.0,105.870075,30.0,20.58005
3.0083333333333333,90.25,106.04123490798611,30.0,20.498327916666668
3.0166666666666666,90.5,106.21171379861113,30.0,20.416605833333335
3.025,90.75,106.381511671875,30.0,20.334883750000003
3.033333333333333,91.0,106.55062852777777,30.0,20.25316166666667
3.0416666666666665,91.25,106.71906436631943,30.0,20.171439583333335
3.05,91.5,106.88681918750001,30.0,20.089717500000003
3.058333333333333,91.75,107.05389299131944,30.0,20.00799541666667
3.066666666666667,92.0,107.22028577777778,30.0,19.926273333333334
3.075,92.25,107.38599754687499,30.0,19.84455125
3.0833333333333335,92.5,107.55102829861113,30.0,19.762829166666666
3.091666666666667,92.75,107.71537803298611,30.0,19.681107083333334
3.1,93.0,107.87904675,30.0,19.599385
3.1083333333333334,93.25,108.04203444965277,30.0,19.51766291666667
3.1166666666666667,93.5,108.20434113194446,30.0,19.435940833333333
3.125,93.75,108.365966796875,30.0,19.35421875
3.1333333333333333,94.0,108.52691144444444,30.0,19.27249666666667
3.1416666666666666,94.25,108.6871750746528,30.0,19.190774583333337
3.15,94.5,108.8467576875,30.0,19.109052500000004
3.158333333333333,94.75,109.0056592829861,30.0,19.02733041666667
3.1666666666666665,95.0,109.1638798611111,30.0,18.945608333333336
3.175,95.25,109.321419421875,30.0,18.863886250000004
3.183333333333333,95.5,109.47827796527778,30.0,18.78216416666667
3.191666666666667,95.75,109.63445549131944,30.0,18.700442083333332
3.2,96.0,109.789952,30.0,18.61872
3.2083333333333335,96.25,109.94476749131945,30.0,18.536997916666667
3.216666666666667,96.5,110.09890196527779,30.0,18.455275833333335
3.225,96.75,110.252355421875,30.0,18.37355375
3.2333333333333334,97.0,110.40512786111111,30.0,18.291831666666667
3.2416666666666667,97.25,110.55721928298613,30.0,18.210109583333335
3.25,97.5,110.70862968750001,30.0,18.128387500000002
3.2583333333333333,97.75,110.85935907465277,30.0,18.04666541666667
3.2666666666666666,98.0,111.00940744444446,30.0,17.964943333333338
3.275,98.25,111.15877479687501,30.0,17.883221250000005
3.283333333333333,98.5,111.30746113194445,30.0,17.801499166666673
3.2916666666666665,98.75,111.45546644965276,30.0,17.719777083333334
3.3,99.0,111.60279075,30.0,17.638055
3.308333333333333,99.25,111.7494340329861,30.0,17.55633291666667
3.316666666666667,99.5,111.89539629861113,30.0,17.474610833333337
3.325,99.75,112.040677546875,30.0,17.392888749999997
3.3333333333333335,100.0,112.1852777777778,30.0,17.311166666666665
3.341666666666667,100.25,112.32919699131945,30.0,17.229444583333333
3.35,100.5,112.4724351875,30.0,17.1477225
3.3583333333333334,100.75,112.61499236631943,30.0,17.066000416666668
3.3666666666666667,101.0,112.75686852777778,30.0,16.984278333333336
3.375,101.25,112.89806367187501,30.0,16.902556250000004
3.3833333333333333,101.5,113.0385777986111,30.0,16.82083416666667
3.3916666666666666,101.75,113.17841090798613,30.0,16.73911208333334
3.4,102.0,113.317563,30.0,16.65739
3.408333333333333,102.25,113.45603407465276,30.0,16.575667916666667
3.4166666666666665,102.5,113.59382413194443,30.0,16.493945833333335
3.425,102.75,113.73093317187501,30.0,16.412223750000003
3.433333333333333,103.0,113.86736119444444,30.0,16.33050166666667
3.441666666666667,103.25,114.00310819965279,30.0,16.24877958333333
3.45,103.5,114.1381741875,30.0,16.1670575
3.4583333333333335,103.75,114.27255915798614,30.0,16.085335416666666
3.466666666666667,104.0,114.40626311111112,30.0,16.003613333333334
3.475,104.25,114.53928604687499,30.0,15.921891250000002
3.4833333333333334,104.5,114.67162796527776,30.0,15.84016916666667
3.4916666666666667,104.75,114.80328886631946,30.0,15.758447083333337
3.5,105.0,114.93426875,30.0,15.676725000000005
3.5083333333333333,105.25,115.06456761631944,30.0,15.595002916666672
3.5166666666666666,105.5,115.1941854652778,30.0,15.513280833333333
3.525,105.75,115.323122296875,30.0,15.43155875
3.533333333333333,106.0,115.4513781111111,30.0,15.349836666666668
3.5416666666666665,106.25,115.57895290798609,30.0,15.268114583333336
3.55,106.5,115.70584668750001,30.0,15.186392500000004
3.558333333333333,106.75,115.83205944965277,30.0,15.104670416666671
3.566666666666667,107.0,115.95759119444445,30.0,15.022948333333332
3.575,107.25,116.08244192187499,30.0,14.94122625
3.5833333333333335,107.5,116.20661163194447,30.0,14.859504166666667
3.591666666666667,107.75,116.33010032465279,30.0,14.777782083333335
3.6,108.0,116.45290800000001,30.0,14.696060000000003
3.6083333333333334,108.25,116.57503465798611,30.0,14.61433791666667
3.6166666666666667,108.5,116.69648029861114,30.0,14.532615833333338
3.625,108.75,116.817244921875,30.0,14.450893749999999
3.6333333333333333,109.0,116.93732852777777,30.0,14.369171666666666
3.6416666666666666,109.25,117.05673111631945,30.0,14.287449583333334
3.65,109.5,117.1754526875,30.0,14.205727500000002
3.658333333333333,109.75,117.29349324131944,30.0,14.12400541666667
3.6666666666666665,110.0,117.41085277777776,30.0,14.042283333333337
3.675,110.25,117.52753129687501,30.0,13.960561250000005
3.683333333333333,110.5,117.64352879861111,30.0,13.878839166666673
3.691666666666667,110.75,117.75884528298612,30.0,13.797117083333333
3.7,111.0,117.87348075,30.0,13.715395000000001
3.7083333333333335,111.25,117.9874351996528,30.0,13.633672916666669
3.716666666666667,111.5,118.10070863194446,30.0,13.551950833333336
3.725,111.75,118.213301046875,30.0,13.470228750000004
3.7333333333333334,112.0,118.32521244444445,30.0,13.388506666666672
3.7416666666666667,112.25,118.43644282465279,30.0,13.306784583333332
3.75,112.5,118.5469921875,30.0,13.2250625
3.7583333333333333,112.75,118.6568605329861,30.0,13.143340416666668
3.7666666666666666,113.0,118.76604786111112,30.0,13.061618333333335
3.775,113.25,118.874554171875,30.0,12.979896250000003
3.783333333333333,113.5,118.98237946527777,30.0,12.89817416666667
3.7916666666666665,113.75,119.08952374131944,30.0,12.816452083333338
3.8,114.0,119.19598700000002,30.0,12.734730000000006
3.808333333333333,114.25,119.30176924131945,30.0,12.653007916666674
3.816666666666667,114.5,119.40687046527779,30.0,12.571285833333334
3.825,114.75,119.511290671875,30.0,12.489563750000002
3.8333333333333335,115.0,119.61502986111114,30.0,12.40784166666667
3.841666666666667,115.25,119.71808803298613,30.0,12.326119583333337
3.85,115.5,119.82046518749999,30.0,12.244397499999998
3.8583333333333334,115.75,119.92216132465276,30.0,12.162675416666666
3.8666666666666667,116.0,120.02317644444446,30.0,12.080953333333333
3.875,116.25,120.123510546875,30.0,11.999231250000001
3.8833333333333333,116.5,120.22316363194444,30.0,11.917509166666669
3.8916666666666666,116.75,120.32213569965279,30.0,11.835787083333337
3.9,117.0,120.42042675,30.0,11.754065000000004
3.908333333333333,117.25,120.51803678298612,30.0,11.672342916666672
3.9166666666666665,117.5,120.61496579861111,30.0,11.59062083333334
3.925,117.75,120.71121379687501,30.0,11.508898750000007
3.933333333333333,118.0,120.80678077777777,30.0,11.427176666666668
3.941666666666667,118.25,120.90166674131946,30.0,11.345454583333336
3.95,118.5,120.9958716875,30.0,11.263732500000003
3.9583333333333335,118.75,121.08939561631946,30.0,11.182010416666671
3.966666666666667,119.0,121.18223852777778,30.0,11.100288333333332
3.975,119.25,121.274400421875,30.0,11.01856625
3.9833333333333334,119.5,121.3658812986111,30.0,10.936844166666667
3.9916666666666667,119.75,121.45668115798613,30.0,10.855122083333335
4.0,120.0,121.5468,30.0,10.773400000000002
4.008333333333334,120.25000000000001,121.63623782465278,30.0,10.691677916666663
4.016666666666667,120.5,121.72499463194447,30.0,10.609955833333338
4.025,120.75000000000001,121.81307042187501,30.0,10.528233749999998
4.033333333333333,121.0,121.90046519444445,30.0,10.446511666666673
4.041666666666667,121.25000000000001,121.98717894965279,30.0,10.364789583333334
4.05,121.5,122.0732116875,30.0,10.283067500000001
4.058333333333334,121.75,122.15856340798614,30.0,10.201345416666669
4.066666666666666,122.0,122.24323411111111,30.0,10.119623333333337
4.075,122.25,122.32722379687499,30.0,10.037901249999997
4.083333333333333,122.49999999999999,122.41053246527778,30.0,9.956179166666672
4.091666666666667,122.75,122.49316011631944,30.0,9.874457083333333
4.1,122.99999999999999,122.57510674999999,30.0,9.792735000000008
4.108333333333333,123.25,122.65637236631943,30.0,9.711012916666668
4.116666666666666,123.49999999999999,122.73695696527778,30.0,9.629290833333343
4.125,123.75,122.816860546875,30.0,9.547568750000003
4.133333333333334,124.00000000000001,122.89608311111111,30.0,9.465846666666664
4.141666666666667,124.25,122.97462465798613,30.0,9.384124583333339
4.15,124.50000000000001,123.05248518750003,30.0,9.3024025
4.158333333333333,124.75,123.12966469965278,30.0,9.220680416666667
4.166666666666667,125.00000000000001,123.20616319444446,30.0,9.138958333333335
4.175,125.25,123.281980671875,30.0,9.057236250000003
4.183333333333334,125.5,123.35711713194446,30.0,8.97551416666667
4.191666666666666,125.75,123.43157257465278,30.0,8.893792083333338
4.2,126.0,123.50534699999999,30.0,8.812069999999999
4.208333333333333,126.24999999999999,123.57844040798612,30.0,8.730347916666673
4.216666666666667,126.5,123.65085279861113,30.0,8.648625833333334
4.225,126.74999999999999,123.722584171875,30.0,8.566903750000009
4.233333333333333,127.0,123.79363452777777,30.0,8.48518166666667
4.241666666666666,127.24999999999999,123.86400386631944,30.0,8.403459583333337
4.25,127.5,123.93369218750001,30.0,8.321737500000005
4.258333333333334,127.75000000000001,124.00269949131945,30.0,8.240015416666665
4.266666666666667,128.0,124.07102577777779,30.0,8.158293333333333
4.275,128.25,124.13867104687502,30.0,8.07657125
4.283333333333333,128.5,124.20563529861111,30.0,7.994849166666668
4.291666666666667,128.75,124.27191853298612,30.0,7.913127083333336
4.3,129.0,124.33752075000001,30.0,7.831405000000004
4.308333333333334,129.25,124.40244194965278,30.0,7.749682916666664
4.316666666666666,129.5,124.46668213194444,30.0,7.667960833333339
4.325,129.75,124.53024129687499,30.0,7.58623875
4.333333333333333,130.0,124.59311944444445,30.0,7.5045166666666745
4.341666666666667,130.25,124.65531657465279,30.0,7.422794583333335
4.35,130.5,124.71683268749999,30.0,7.341072500000003
4.358333333333333,130.75,124.77766778298611,30.0,7.2593504166666705
4.366666666666666,131.0,124.83782186111111,30.0,7.177628333333338
4.375,131.25,124.89729492187502,30.0,7.095906250000006
4.383333333333334,131.5,124.95608696527779,30.0,7.014184166666666
4.391666666666667,131.75,125.01419799131946,30.0,6.932462083333334
4.4,132.0,125.07162800000002,30.0,6.850740000000002
4.408333333333333,132.25,125.12837699131944,30.0,6.7690179166666695
4.416666666666667,132.5,125.18444496527778,30.0,6.68729583333333
4.425,132.75,125.23983192187501,30.0,6.605573750000005
4.433333333333334,133.0,125.29453786111112,30.0,6.5238516666666655
4.441666666666666,133.25,125.34856278298611,30.0,6.44212958333334
4.45,133.5,125.4019066875,30.0,6.360407500000001
4.458333333333333,133.75,125.4545695746528,30.0,6.278685416666676
4.466666666666667,134.0,125.50655144444445,30.0,6.196963333333336
4.475,134.25,125.55785229687498,30.0,6.115241250000004
4.483333333333333,134.5,125.60847213194444,30.0,6.033519166666672
4.491666666666666,134.75,125.65841094965278,30.0,5.951797083333339
4.5,135.0,125.70766875,30.0,5.870075
4.508333333333334,135.25,125.75624553298613,30.0,5.788352916666668
4.516666666666667,135.5,125.80414129861113,30.0,5.706630833333335
4.525,135.75,125.85135604687501,30.0,5.624908749999996
4.533333333333333,136.0,125.89788977777778,30.0,5.543186666666671
4.541666666666667,136.25,125.94374249131944,30.0,5.461464583333331
4.55,136.5,125.98891418750001,30.0,5.379742500000006
4.558333333333334,136.75,126.03340486631946,30.0,5.298020416666667
4.566666666666666,137.0,126.07721452777778,30.0,5.2162983333333415
4.575,137.25,126.120343171875,30.0,5.134576250000002
4.583333333333333,137.5,126.16279079861111,30.0,5.05285416666667
4.591666666666667,137.75,126.20455740798613,30.0,4.9711320833333374
4.6,138.0,126.24564299999999,30.0,4.889410000000005
4.608333333333333,138.25,126.28604757465277,30.0,4.807687916666666
4.616666666666666,138.5,126.32577113194445,30.0,4.7259658333333405
4.625,138.75,126.364813671875,30.0,4.644243750000001
4.633333333333334,139.0,126.40317519444446,30.0,4.562521666666669
4.641666666666667,139.25,126.4408556996528,30.0,4.4807995833333365
4.65,139.5,126.47785518750001,30.0,4.399077499999997
4.658333333333333,139.75,126.51417365798612,30.0,4.317355416666672
4.666666666666667,140.0,126.54981111111111,30.0,4.2356333333333325
4.675,140.25,126.58476754687501,30.0,4.153911250000007
4.683333333333334,140.5,126.6190429652778,30.0,4.072189166666668
4.691666666666666,140.75,126.65263736631944,30.0,3.9904670833333356
4.7,141.0,126.68555075,30.0,3.9087450000000032
4.708333333333333,141.25,126.71778311631945,30.0,3.827022916666671
4.716666666666667,141.5,126.74933446527778,30.0,3.7453008333333315
4.725,141.75,126.780204796875,30.0,3.6635787500000063
4.733333333333333,142.0,126.8103941111111,30.0,3.581856666666667
4.741666666666666,142.25,126.83990240798612,30.0,3.5001345833333417
4.75,142.5,126.86872968750001,30.0,3.4184125000000023
4.758333333333334,142.75,126.89687594965278,30.0,3.336690416666663
4.766666666666667,143.0,126.92434119444447,30.0,3.2549683333333377
4.775,143.25,126.95112542187502,30.0,3.1732462499999983
4.783333333333333,143.5,126.97722863194446,30.0,3.091524166666673
4.791666666666667,143.75,127.00265082465278,30.0,3.0098020833333337
4.8,144.0,127.027392,30.0,2.9280800000000013
4.808333333333334,144.25,127.05145215798613,30.0,2.846357916666669
4.816666666666666,144.5,127.0748312986111,30.0,2.7646358333333367
4.825,144.75,127.09752942187501,30.0,2.6829137500000044
4.833333333333333,145.0,127.11954652777779,30.0,2.601191666666672
4.841666666666667,145.25,127.14088261631944,30.0,2.5194695833333327
4.85,145.5,127.1615376875,30.0,2.4377475000000075
4.858333333333333,145.75,127.18151174131944,30.0,2.356025416666668
4.866666666666666,146.0,127.20080477777779,30.0,2.274303333333343
4.875,146.25,127.21941679687501,30.0,2.1925812500000035
4.883333333333334,146.5,127.23734779861111,30.0,2.110859166666664
4.891666666666667,146.75,127.25459778298614,30.0,2.029137083333339
4.9,147.0,127.27116675000002,30.0,1.9474149999999995
4.908333333333333,147.25,127.28705469965277,30.0,1.8656929166666671
4.916666666666667,147.5,127.30226163194445,30.0,1.7839708333333348
4.925,147.75,127.316787546875,30.0,1.7022487500000025
4.933333333333334,148.0,127.33063244444446,30.0,1.6205266666666702
4.941666666666666,148.25,127.34379632465277,30.0,1.538804583333338
4.95,148.5,127.3562791875,30.0,1.4570824999999985
4.958333333333333,148.75,127.36808103298613,30.0,1.3753604166666733
4.966666666666667,149.0,127.37920186111111,30.0,1.293638333333334
4.975,149.25,127.389641671875,30.0,1.2119162500000087
4.983333333333333,149.5,127.39940046527778,30.0,1.1301941666666693
4.991666666666666,149.75,127.40847824131944,30.0,1.048472083333337
5.0,150.0,127.416875,30.0,0.9667500000000047
5.008333333333334,150.25,127.42459074131945,30.0,0.8850279166666652
5.016666666666667,150.5,127.4316254652778,30.0,0.80330583333334
5.025,150.75,127.43797917187503,30.0,0.7215837500000006
5.033333333333333,151.0,127.4436518611111,30.0,0.6398616666666683
5.041666666666667,151.25,127.44864353298613,30.0,0.558139583333336
5.05,151.5,127.45295418750001,30.0,0.4764175000000037
5.058333333333334,151.75,127.45658382465278,30.0,0.3946954166666643
5.066666666666666,152.0,127.45953244444445,30.0,0.3129733333333391
5.075,152.25,127.461800046875,30.0,0.2312512499999997
5.083333333333333,152.5,127.46338663194446,30.0,0.14952916666667448
5.091666666666667,152.75,127.46429219965279,30.0,0.06780708333333507
5.1,153.0,127.46451675,30.0,-0.01391499999999013
5.108333333333333,153.25,127.46406028298611,30.0,-0.09563708333332954
5.116666666666666,153.5,127.46292279861112,30.0,-0.17735916666666185
5.125,153.75,127.46110429687502,30.0,-0.25908124999999416
5.133333333333334,154.0,127.4586047777778,30.0,-0.34080333333333357
5.141666666666667,154.25,127.45542424131943,30.0,-0.4225254166666659
5.15,154.5,127.4515626875,30.0,-0.5042474999999982
5.158333333333333,154.75,127.44702011631946,30.0,-0.5859695833333305
5.166666666666667,155.0,127.4417965277778,30.0,-0.6676916666666699
5.175,155.25,127.43589192187503,30.0,-0.7494137499999951
5.183333333333334,155.5,127.42930629861112,30.0,-0.8311358333333345
5.191666666666666,155.75,127.42203965798612,30.0,-0.9128579166666597
5.2,156.0,127.41409200000001,30.0,-0.9945799999999991
5.208333333333333,156.25,127.40546332465277,30.0,-1.0763020833333243
5.216666666666667,156.5,127.39615363194443,30.0,-1.1580241666666637
5.225,156.75,127.38616292187501,30.0,-1.239746249999996
5.233333333333333,157.0,127.37549119444446,30.0,-1.3214683333333284
5.241666666666666,157.25,127.36413844965278,30.0,-1.4031904166666607
5.25,157.5,127.3521046875,30.0,-1.4849125
5.258333333333334,157.75,127.33938990798612,30.0,-1.5666345833333324
5.266666666666667,158.0,127.3259941111111,30.0,-1.6483566666666647
5.275,158.25,127.31191729687501,30.0,-1.730078749999997
5.283333333333333,158.5,127.29715946527782,30.0,-1.8118008333333293
5.291666666666667,158.75,127.28172061631946,30.0,-1.8935229166666687
5.3,159.0,127.26560075000003,30.0,-1.975244999999994
5.308333333333334,159.25,127.24879986631944,30.0,-2.0569670833333333
5.316666666666666,159.5,127.23131796527778,30.0,-2.1386891666666585
5.325,159.75,127.21315504687499,30.0,-2.220411249999998
5.333333333333333,160.0,127.19431111111109,30.0,-2.3021333333333303
5.341666666666667,160.25,127.17478615798609,30.0,-2.3838554166666626
5.35,160.5,127.15458018750002,30.0,-2.465577499999995
5.358333333333333,160.75,127.13369319965278,30.0,-2.5472995833333343
5.366666666666666,161.0,127.11212519444445,30.0,-2.6290216666666595
5.375,161.25,127.089876171875,30.0,-2.710743749999999
5.383333333333334,161.5,127.06694613194446,30.0,-2.792465833333331
5.391666666666667,161.75,127.04333507465276,30.0,-2.8741879166666635
5.4,162.0,127.01904299999998,30.0,-2.955910000000003
5.408333333333333,162.25,126.99406990798616,30.0,-3.037632083333328
5.416666666666667,162.5,126.96841579861115,30.0,-3.1193541666666675
5.425,162.75,126.94208067187503,30.0,-3.2010762499999927
5.433333333333334,163.0,126.91506452777779,30.0,-3.282798333333332
5.441666666666666,163.25,126.88736736631944,30.0,-3.3645204166666645
5.45,163.5,126.85898918750001,30.0,-3.4462424999999968
5.458333333333333,163.75,126.82992999131943,30.0,-3.527964583333329
5.466666666666667,164.0,126.80018977777777,30.0,-3.6096866666666614
5.475,164.25,126.76976854687501,30.0,-3.6914087499999937
5.483333333333333,164.5,126.73866629861112,30.0,-3.773130833333333
5.491666666666666,164.75,126.70688303298613,30.0,-3.8548529166666583
5.5,165.0,126.67441875,30.0,-3.9365749999999977
5.508333333333334,165.25,126.64127344965277,30.0,-4.018297083333337
5.516666666666667,165.5,126.60744713194444,30.0,-4.100019166666662
5.525,165.75,126.57293979687498,30.0,-4.181741250000002
5.533333333333333,166.0,126.5377514444445,30.0,-4.263463333333327
5.541666666666667,166.25,126.5018820746528,30.0,-4.345185416666666
5.55,166.5,126.46533168750003,30.0,-4.426907499999992
5.558333333333334,166.75,126.42810028298612,30.0,-4.508629583333331
5.566666666666666,167.0,126.39018786111112,30.0,-4.590351666666663
5.575,167.25,126.351594421875,30.0,-4.672073749999996
5.583333333333333,167.5,126.31231996527777,30.0,-4.753795833333328
5.591666666666667,167.75,126.27236449131942,30.0,-4.835517916666667
5.6,168.0,126.23172800000003,30.0,-4.9172399999999925
5.608333333333333,168.25,126.19041049131945,30.0,-4.998962083333332
5.616666666666666,168.5,126.1484119652778,30.0,-5.080684166666657
5.625,168.75,126.10573242187502,30.0,-5.1624062499999965
5.633333333333334,169.0,126.0623718611111,30.0,-5.244128333333336
5.641666666666667,169.25,126.01833028298611,30.0,-5.325850416666661
5.65,169.5,125.97360768749999,30.0,-5.407572500000001
5.658333333333333,169.75,125.92820407465283,30.0,-5.489294583333326
5.666666666666667,170.0,125.88211944444447,30.0,-5.571016666666665
5.675,170.25,125.83535379687501,30.0,-5.6527387499999975
5.683333333333334,170.5,125.78790713194448,30.0,-5.73446083333333
5.691666666666666,170.75,125.73977944965279,30.0,-5.816182916666662
5.7,171.0,125.69097074999999,30.0,-5.8979050000000015
5.708333333333333,171.25,125.64148103298609,30.0,-5.979627083333327
5.716666666666667,171.5,125.59131029861109,30.0,-6.061349166666666
5.725,171.75,125.54045854687504,30.0,-6.143071249999991
5.733333333333333,172.0,125.48892577777781,30.0,-6.224793333333331
5.741666666666666,172.25,125.43671199131947,30.0,-6.306515416666656
5.75,172.5,125.3838171875,30.0,-6.388237499999995
5.758333333333334,172.75,125.33024136631946,30.0,-6.469959583333335
5.766666666666667,173.0,125.27598452777778,30.0,-6.55168166666666
5.775,173.25,125.221046671875,30.0,-6.633403749999999
5.783333333333333,173.5,125.16542779861115,30.0,-6.715125833333332
5.791666666666667,173.75,125.10912790798614,30.0,-6.796847916666664
5.8,174.0,125.05214700000002,30.0,-6.878569999999996
5.808333333333334,174.25,124.99448507465277,30.0,-6.960292083333336
5.816666666666666,174.5,124.93614213194445,30.0,-7.042014166666661
5.825,174.75,124.877118171875,30.0,-7.12373625
5.833333333333333,175.0,124.81741319444444,30.0,-7.2054583333333255
5.841666666666667,175.25,124.75702719965275,30.0,-7.287180416666665
5.85,175.5,124.69596018750005,30.0,-7.36890249999999
5.858333333333333,175.75,124.63421215798613,30.0,-7.4506245833333296
5.866666666666666,176.0,124.57178311111113,30.0,-7.532346666666662
5.875,176.25,124.508673046875,30.0,-7.614068749999994
5.883333333333334,176.5,124.44488196527777,30.0,-7.695790833333334
5.891666666666667,176.75,124.38040986631944,30.0,-7.777512916666666
5.9,177.0,124.31525675,30.0,-7.859234999999998
5.908333333333333,177.25,124.24942261631946,30.0,-7.9409570833333305
5.916666666666667,177.5,124.18290746527782,30.0,-8.022679166666663
5.925,177.75,124.11571129687502,30.0,-8.104401249999995
5.933333333333334,178.0,124.04783411111111,30.0,-8.186123333333335
5.941666666666666,178.25,123.9792759079861,30.0,-8.26784541666666
5.95,178.5,123.9100366875,30.0,-8.3495675
5.958333333333333,178.75,123.84011644965278,30.0,-8.431289583333324
5.966666666666667,179.0,123.76951519444444,30.0,-8.513011666666664
5.975,179.25,123.69823292187502,30.0,-8.594733749999996
5.983333333333333,179.5,123.62626963194447,30.0,-8.676455833333328
5.991666666666666,179.75,123.55362532465278,30.0,-8.75817791666666
6.0,180.0,123.4803,30.0,-8.8399
6.008333333333334,180.25,123.40629365798611,30.0,-8.921622083333332
6.016666666666667,180.5,123.33160629861109,30.0,-9.003344166666665
6.025,180.75,123.256237921875,30.0,-9.085066249999997
6.033333333333333,181.0,123.1801885277778,30.0,-9.16678833333333
6.041666666666667,181.25,123.10345811631947,30.0,-9.248510416666669
6.05,181.5,123.02604668750001,30.0,-9.330232499999994
6.058333333333334,181.75,122.94795424131945,30.0,-9.411954583333333
6.066666666666666,182.0,122.86918077777779,30.0,-9.493676666666659
6.075,182.25,122.78972629687499,30.0,-9.575398749999998
6.083333333333333,182.5,122.70959079861109,30.0,-9.65712083333333
6.091666666666667,182.75,122.62877428298611,30.0,-9.738842916666663
6.1,183.0,122.54727675000004,30.0,-9.820564999999995
6.108333333333333,183.25,122.4650981996528,30.0,-9.902287083333327
6.116666666666666,183.5,122.38223863194446,30.0,-9.98400916666666
6.125,183.75,122.29869804687502,30.0,-10.065731249999999
6.133333333333334,184.0,122.21447644444444,30.0,-10.147453333333331
6.141666666666667,184.25,122.12957382465277,30.0,-10.229175416666664
6.15,184.5,122.04399018749999,30.0,-10.310897500000003
6.158333333333333,184.75,121.95772553298616,30.0,-10.392619583333328
6.166666666666667,185.0,121.87077986111115,30.0,-10.474341666666668
6.175,185.25,121.78315317187503,30.0,-10.556063749999993
6.183333333333334,185.5,121.69484546527778,30.0,-10.637785833333332
6.191666666666666,185.75,121.60585674131946,30.0,-10.719507916666657
6.2,186.0,121.516187,30.0,-10.801229999999997
6.208333333333333,186.25,121.42583624131942,30.0,-10.882952083333329
6.216666666666667,186.5,121.33480446527778,30.0,-10.964674166666661
6.225,186.75,121.24309167187502,30.0,-11.046396249999994
6.233333333333333,187.0,121.15069786111113,30.0,-11.128118333333333
6.241666666666666,187.25,121.05762303298613,30.0,-11.209840416666658
6.25,187.5,120.9638671875,30.0,-11.291562499999998
6.258333333333334,187.75,120.86943032465277,30.0,-11.373284583333337
6.266666666666667,188.0,120.77431244444443,30.0,-11.455006666666662
6.275,188.25,120.678513546875,30.0,-11.536728750000002
6.283333333333333,188.5,120.58203363194448,30.0,-11.618450833333327
6.291666666666667,188.75,120.48487269965281,30.0,-11.700172916666666
6.3,189.0,120.38703075000004,30.0,-11.781894999999992
6.308333333333334,189.25,120.28850778298613,30.0,-11.863617083333331
6.316666666666666,189.5,120.18930379861112,30.0,-11.945339166666663
6.325,189.75,120.08941879687501,30.0,-12.027061249999996
6.333333333333333,190.0,119.98885277777777,30.0,-12.108783333333328
6.341666666666667,190.25,119.88760574131942,30.0,-12.190505416666667
6.35,190.5,119.78567768750003,30.0,-12.272227499999993
6.358333333333333,190.75,119.68306861631947,30.0,-12.353949583333332
6.366666666666666,191.0,119.57977852777779,30.0,-12.435671666666657
6.375,191.25,119.475807421875,30.0,-12.517393749999997
6.383333333333334,191.5,119.37115529861111,30.0,-12.599115833333336
6.391666666666667,191.75,119.26582215798612,30.0,-12.680837916666661
6.4,192.0,119.159808,30.0,-12.76256
6.408333333333333,192.25,119.05311282465283,30.0,-12.844282083333326
6.416666666666667,192.5,118.94573663194447,30.0,-12.926004166666665
6.425,192.75,118.83767942187501,30.0,-13.007726249999997
6.433333333333334,193.0,118.72894119444447,30.0,-13.08944833333333
6.441666666666666,193.25,118.61952194965278,30.0,-13.171170416666662
6.45,193.5,118.50942168749998,30.0,-13.252892500000002
6.458333333333333,193.75,118.39864040798611,30.0,-13.334614583333327
6.466666666666667,194.0,118.2871781111111,30.0,-13.416336666666666
6.475,194.25,118.17503479687505,30.0,-13.498058749999991
6.483333333333333,194.5,118.06221046527781,30.0,-13.57978083333333
6.491666666666666,194.75,117.94870511631947,30.0,-13.661502916666656
6.5,195.0,117.83451875000003,30.0,-13.743224999999995
6.508333333333334,195.25,117.71965136631945,30.0,-13.824947083333335
6.516666666666667,195.5,117.60410296527778,30.0,-13.90666916666666
6.525,195.75,117.487873546875,30.0,-13.98839125
6.533333333333333,196.0,117.37096311111117,30.0,-14.070113333333325
6.541666666666667,196.25,117.25337165798612,30.0,-14.151835416666671
6.55,196.5,117.13509918750003,30.0,-14.23355749999999
6.558333333333334,196.75,117.01614569965278,30.0,-14.315279583333336
6.566666666666666,197.0,116.89651119444449,30.0,-14.397001666666654
6.575,197.25,116.776195671875,30.0,-14.47872375
6.583333333333333,197.5,116.65519913194441,30.0,-14.560445833333333
6.591666666666667,197.75,116.53352157465275,30.0,-14.642167916666665
6.6,198.0,116.41116300000002,30.0,-14.723889999999997
6.608333333333333,198.25,116.28812340798615,30.0,-14.80561208333333
6.616666666666666,198.5,116.16440279861112,30.0,-14.887334166666662
6.625,198.75,116.04000117187502,30.0,-14.969056249999994
6.633333333333334,199.0,115.91491852777781,30.0,-15.050778333333326
6.641666666666667,199.25,115.78915486631945,30.0,-15.132500416666659
6.65,199.5,115.66271018749998,30.0,-15.214222500000005
6.658333333333333,199.75,115.5355844913195,30.0,-15.295944583333323
6.666666666666667,200.0,115.4077777777778,30.0,-15.37766666666667
6.675,200.25,115.27929004687505,30.0,-15.459388749999988
6.683333333333334,200.5,115.15012129861111,30.0,-15.541110833333335
6.691666666666666,200.75,115.0202715329861,30.0,-15.622832916666667
6.7,201.0,114.88974074999999,30.0,-15.704555
6.708333333333333,201.25,114.75852894965274,30.0,-15.786277083333331
6.716666666666667,201.5,114.62663613194442,30.0,-15.867999166666664
6.725,201.75,114.49406229687503,30.0,-15.949721249999996
6.733333333333333,202.0,114.36080744444448,30.0,-16.03144333333333
6.741666666666666,202.25,114.22687157465279,30.0,-16.11316541666666
6.75,202.5,114.09225468750003,30.0,-16.194887499999993
6.758333333333334,202.75,113.95695678298608,30.0,-16.27660958333334
6.766666666666667,203.0,113.82097786111112,30.0,-16.358331666666658
6.775,203.25,113.68431792187496,30.0,-16.440053750000004
6.783333333333333,203.5,113.54697696527785,30.0,-16.521775833333322
6.791666666666667,203.75,113.40895499131946,30.0,-16.60349791666667
6.8,204.0,113.270252,30.0,-16.68522
6.808333333333334,204.25,113.13086799131946,30.0,-16.766942083333333
6.816666666666666,204.5,112.99080296527777,30.0,-16.848664166666666
6.825,204.75,112.850056921875,30.0,-16.930386249999998
6.833333333333333,205.0,112.70862986111109,30.0,-17.01210833333333
6.841666666666667,205.25,112.56652178298611,30.0,-17.093830416666663
6.85,205.5,112.42373268750003,30.0,-17.175552499999995
6.858333333333333,205.75,112.28026257465282,30.0,-17.257274583333327
6.866666666666666,206.0,112.13611144444445,30.0,-17.33899666666666
6.875,206.25,111.99127929687504,30.0,-17.420718749999992
6.883333333333334,206.5,111.84576613194443,30.0,-17.50244083333334
6.891666666666667,206.75,111.6995719496528,30.0,-17.584162916666656
6.9,207.0,111.55269674999997,30.0,-17.665885000000003
6.908333333333333,207.25,111.40514053298614,30.0,-17.747607083333335
6.916666666666667,207.5,111.25690329861115,30.0,-17.829329166666668
6.925,207.75,111.107985046875,30.0,-17.91105125
6.933333333333334,208.0,110.9583857777778,30.0,-17.992773333333332
6.941666666666666,208.25,110.80810549131945,30.0,-18.074495416666664
6.95,208.5,110.6571441875,30.0,-18.156217499999997
6.958333333333333,208.75,110.50550186631943,30.0,-18.23793958333333
6.966666666666667,209.0,110.35317852777777,30.0,-18.31966166666666
6.975,209.25,110.20017417187503,30.0,-18.401383749999994
6.983333333333333,209.5,110.04648879861116,30.0,-18.483105833333326
6.991666666666666,209.75,109.89212240798614,30.0,-18.56482791666666
7.0,210.0,109.73707500000003,30.0,-18.64654999999999
7.008333333333334,210.25,109.58134657465277,30.0,-18.728272083333337
7.016666666666667,210.5,109.42493713194446,30.0,-18.809994166666655
7.025,210.75,109.26784667187499,30.0,-18.89171625
7.033333333333333,211.0,109.11007519444448,30.0,-18.973438333333334
7.041666666666667,211.25,108.9516226996528,30.0,-19.055160416666666
7.05,211.5,108.79248918750002,30.0,-19.1368825
7.058333333333334,211.75,108.63267465798614,30.0,-19.21860458333333
7.066666666666666,212.0,108.4721791111111,30.0,-19.300326666666663
7.075,212.25,108.31100254687502,30.0,-19.382048749999996
7.083333333333333,212.5,108.14914496527777,30.0,-19.463770833333328
7.091666666666667,212.75,107.98660636631945,30.0,-19.54549291666666
7.1,213.0,107.82338675000003,30.0,-19.627214999999993
7.108333333333333,213.25,107.6594861163195,30.0,-19.708937083333325
7.116666666666666,213.5,107.49490446527781,30.0,-19.790659166666657
7.125,213.75,107.32964179687502,30.0,-19.87238124999999
7.133333333333334,214.0,107.1636981111111,30.0,-19.954103333333336
7.141666666666667,214.25,106.99707340798608,30.0,-20.03582541666667
7.15,214.5,106.82976768749998,30.0,-20.1175475
7.158333333333333,214.75,106.66178094965281,30.0,-20.199269583333333
7.166666666666667,215.0,106.49311319444448,30.0,-20.280991666666665
7.175,215.25,106.32376442187501,30.0,-20.362713749999998
7.183333333333334,215.5,106.15373463194447,30.0,-20.44443583333333
7.191666666666666,215.75,105.98302382465278,30.0,-20.526157916666662
7.2,216.0,105.811632,30.0,-20.607879999999994
7.208333333333333,216.25,105.6395591579861,30.0,-20.689602083333327
7.216666666666667,216.5,105.46680529861112,30.0,-20.77132416666666
7.225,216.75,105.29337042187504,30.0,-20.85304624999999
7.233333333333333,217.0,105.11925452777785,30.0,-20.934768333333324
7.241666666666666,217.25,104.94445761631948,30.0,-21.016490416666656
7.25,217.5,104.7689796875,30.0,-21.098212500000002
7.258333333333334,217.75,104.59282074131943,30.0,-21.179934583333335
7.266666666666667,218.0,104.41598077777775,30.0,-21.261656666666667
7.275,218.25,104.23845979687496,30.0,-21.34337875
7.283333333333333,218.5,104.06025779861113,30.0,-21.42510083333333
7.291666666666667,218.75,103.88137478298614,30.0,-21.506822916666664
7.3,219.0,103.70181074999999,30.0,-21.588544999999996
7.308333333333334,219.25,103.5215656996528,30.0,-21.67026708333333
7.316666666666666,219.5,103.34063963194444,30.0,-21.75198916666666
7.325,219.75,103.15903254687504,30.0,-21.833711249999993
7.333333333333333,220.0,102.97674444444442,30.0,-21.915433333333326
7.341666666666667,220.25,102.79377532465281,30.0,-21.997155416666658
7.35,220.5,102.61012518750005,30.0,-22.07887749999999
7.358333333333333,220.75,102.42579403298612,30.0,-22.160599583333337
7.366666666666666,221.0,102.24078186111115,30.0,-22.242321666666655
7.375,221.25,102.05508867187501,30.0,-22.32404375
7.383333333333334,221.5,101.86871446527778,30.0,-22.405765833333334
7.391666666666667,221.75,101.68165924131944,30.0,-22.487487916666666
7.4,222.0,101.493923,30.0,-22.569209999999998
7.408333333333333,222.25,101.30550574131945,30.0,-22.65093208333333
7.416666666666667,222.5,101.1164074652778,30.0,-22.732654166666663
7.425,222.75,100.92662817187505,30.0,-22.814376249999995
7.433333333333334,223.0,100.73616786111114,30.0,-22.896098333333327
7.441666666666666,223.25,100.54502653298613,30.0,-22.97782041666666
7.45,223.5,100.35320418750001,30.0,-23.059542499999992
7.458333333333333,223.75,100.16070082465279,30.0,-23.141264583333324
7.466666666666667,224.0,99.96751644444447,30.0,-23.222986666666657
7.475,224.25,99.77365104687505,30.0,-23.30470874999999
7.483333333333333,224.5,99.57910463194446,30.0,-23.386430833333335
7.491666666666666,224.75,99.38387719965283,30.0,-23.468152916666654
7.5,225.0,99.18796874999998,30.0,-23.549875
7.508333333333334,225.25,98.99137928298614,30.0,-23.631597083333332
7.516666666666667,225.5,98.79410879861109,30.0,-23.713319166666665
7.525,225.75,98.59615729687499,30.0,-23.795041249999997
7.533333333333333,226.0,98.39752477777779,30.0,-23.87676333333333
7.541666666666667,226.25,98.19821124131948,30.0,-23.95848541666666
7.55,226.5,97.99821668750002,30.0,-24.040207499999994
7.558333333333334,226.75,97.79754111631951,30.0,-24.121929583333326
7.566666666666666,227.0,97.59618452777778,30.0,-24.20365166666666
7.575,227.25,97.394146921875,30.0,-24.28537374999999
7.583333333333333,227.5,97.19142829861113,30.0,-24.367095833333323
7.591666666666667,227.75,96.98802865798609,30.0,-24.44881791666667
7.6,228.0,96.78394800000007,30.0,-24.530539999999988
7.608333333333333,228.25,96.57918632465277,30.0,-24.612262083333334
7.616666666666666,228.5,96.37374363194448,30.0,-24.693984166666652
7.625,228.75,96.16761992187503,30.0,-24.77570625
7.633333333333334,229.0,95.96081519444448,30.0,-24.85742833333333
7.641666666666667,229.25,95.75332944965277,30.0,-24.939150416666664
7.65,229.5,95.54516268750001,30.0,-25.020872499999996
7.658333333333333,229.75,95.33631490798615,30.0,-25.102594583333328
7.666666666666667,230.0,95.12678611111119,30.0,-25.18431666666666
7.675,230.25,94.91657629687501,30.0,-25.266038749999993
7.683333333333334,230.5,94.70568546527784,30.0,-25.347760833333325
7.691666666666666,230.75,94.49411361631945,30.0,-25.429482916666657
7.7,231.0,94.28186074999996,30.0,-25.511205000000004
7.708333333333333,231.25,94.06892686631949,30.0,-25.592927083333322
7.716666666666667,231.5,93.85531196527774,30.0,-25.67464916666667
7.725,231.75,93.64101604687505,30.0,-25.756371249999987
7.733333333333333,232.0,93.42603911111115,30.0,-25.838093333333333
7.741666666666666,232.25,93.21038115798615,30.0,-25.91981541666665
7.75,232.5,92.99404218749999,30.0,-26.001537499999998
7.758333333333334,232.75,92.77702219965278,30.0,-26.08325958333333
7.766666666666667,233.0,92.55932119444446,30.0,-26.164981666666662
7.775,233.25,92.340939171875,30.0,-26.246703749999995
7.783333333333333,233.5,92.12187613194448,30.0,-26.328425833333327
7.791666666666667,233.75,91.90213207465285,30.0,-26.41014791666666
7.8,234.0,91.68170700000002,30.0,-26.49186999999999
7.808333333333334,234.25,91.46060090798608,30.0,-26.573592083333338
7.816666666666666,234.5,91.23881379861115,30.0,-26.655314166666656
7.825,234.75,91.016345671875,30.0,-26.737036250000003
7.833333333333333,235.0,90.79319652777781,30.0,-26.81875833333332
7.841666666666667,235.25,90.5693663663194,30.0,-26.900480416666667
7.85,235.5,90.34485518750006,30.0,-26.982202499999985
7.858333333333333,235.75,90.11966299131944,30.0,-27.063924583333332
7.866666666666666,236.0,89.89378977777778,30.0,-27.145646666666664
7.875,236.25,89.66723554687502,30.0,-27.227368749999997
7.883333333333334,236.5,89.44000029861115,30.0,-27.30909083333333
7.891666666666667,236.75,89.21208403298613,30.0,-27.39081291666666
7.9,237.0,88.98348675,30.0,-27.472534999999993
7.908333333333333,237.25,88.75420844965282,30.0,-27.554257083333326
7.916666666666667,237.5,88.52424913194449,30.0,-27.635979166666658
7.925,237.75,88.29360879687505,30.0,-27.71770124999999
7.933333333333334,238.0,88.06228744444445,30.0,-27.799423333333337
7.941666666666666,238.25,87.8302850746528,30.0,-27.881145416666655
7.95,238.5,87.5976016875,30.0,-27.9628675
7.958333333333333,238.75,87.36423728298615,30.0,-28.04458958333332
7.966666666666667,239.0,87.13019186111109,30.0,-28.126311666666666
7.975,239.25,86.89546542187503,30.0,-28.20803375
7.983333333333333,239.5,86.66005796527782,30.0,-28.28975583333333
7.991666666666666,239.75,86.42396949131944,30.0,-28.371477916666663
8.0,240.0,86.18720000000002,30.0,-28.453199999999995
8.008333333333333,240.25,85.94974949131944,30.0,-28.534922083333328
8.016666666666667,240.50000000000003,85.71161796527775,30.0,-28.616644166666674
8.025,240.75,85.47280542187502,30.0,-28.698366249999992
8.033333333333333,241.0,85.23331186111119,30.0,-28.780088333333325
8.041666666666666,241.24999999999997,84.99313728298614,30.0,-28.861810416666657
8.05,241.50000000000003,84.75228168749999,30.0,-28.943532500000003
8.058333333333334,241.75,84.51074507465279,30.0,-29.025254583333336
8.066666666666666,242.0,84.26852744444449,30.0,-29.106976666666654
8.075,242.24999999999997,84.02562879687503,30.0,-29.188698749999986
8.083333333333334,242.50000000000003,83.78204913194446,30.0,-29.270420833333333
8.091666666666667,242.75,83.53778844965274,30.0,-29.352142916666665
8.1,243.0,83.29284675000002,30.0,-29.433864999999997
8.108333333333333,243.24999999999997,83.04722403298615,30.0,-29.515587083333315
8.116666666666667,243.5,82.80092029861117,30.0,-29.597309166666662
8.125,243.75,82.55393554687504,30.0,-29.679031249999994
8.133333333333333,244.0,82.3062697777778,30.0,-29.760753333333327
8.141666666666667,244.25000000000003,82.0579229913194,30.0,-29.842475416666673
8.15,244.5,81.80889518749996,30.0,-29.924197500000005
8.158333333333333,244.75,81.55918636631952,30.0,-30.005919583333323
8.166666666666666,244.99999999999997,81.30879652777782,30.0,-30.087641666666656
8.175,245.25000000000003,81.057725671875,30.0,-30.169363750000002
8.183333333333334,245.5,80.80597379861109,30.0,-30.251085833333335
8.191666666666666,245.75,80.55354090798613,30.0,-30.332807916666653
8.2,245.99999999999997,80.30042700000001,30.0,-30.414529999999985
8.208333333333334,246.25000000000003,80.04663207465279,30.0,-30.49625208333333
8.216666666666667,246.5,79.79215613194441,30.0,-30.577974166666664
8.225,246.75,79.53699917187504,30.0,-30.659696249999996
8.233333333333333,246.99999999999997,79.28116119444451,30.0,-30.741418333333314
8.241666666666667,247.25,79.02464219965282,30.0,-30.82314041666666
8.25,247.5,78.76744218750002,30.0,-30.904862499999993
8.258333333333333,247.75,78.50956115798613,30.0,-30.986584583333325
8.266666666666667,248.00000000000003,78.25099911111107,30.0,-31.068306666666672
8.275,248.25,77.99175604687497,30.0,-31.150028750000004
8.283333333333333,248.5,77.73183196527782,30.0,-31.231750833333322
8.291666666666666,248.74999999999997,77.47122686631951,30.0,-31.313472916666655
8.3,249.00000000000003,77.20994075000004,30.0,-31.395195
8.308333333333334,249.25,76.94797361631947,30.0,-31.476917083333333
8.316666666666666,249.5,76.6853254652778,30.0,-31.558639166666666
8.325,249.74999999999997,76.42199629687502,30.0,-31.640361249999984
8.333333333333334,250.00000000000003,76.15798611111114,30.0,-31.72208333333333
8.341666666666667,250.25,75.8932949079861,30.0,-31.803805416666663
8.35,250.5,75.62792268750002,30.0,-31.885527499999995
8.358333333333333,250.74999999999997,75.36186944965277,30.0,-31.967249583333327
8.366666666666667,251.0,75.09513519444448,30.0,-32.04897166666666
8.375,251.25,74.82771992187503,30.0,-32.13069374999999
8.383333333333333,251.5,74.55962363194448,30.0,-32.212415833333324
8.391666666666667,251.75000000000003,74.29084632465276,30.0,-32.29413791666667
8.4,252.0,74.02138799999994,30.0,-32.37586
8.408333333333333,252.25,73.7512486579862,30.0,-32.45758208333332
8.416666666666666,252.49999999999997,73.48042829861117,30.0,-32.53930416666665
8.425,252.75000000000003,73.20892692187505,30.0,-32.62102625
8.433333333333334,253.0,72.93674452777782,30.0,-32.70274833333333
8.441666666666666,253.25,72.66388111631943,30.0,-32.784470416666665
8.45,253.49999999999997,72.39033668750005,30.0,-32.86619249999998
8.458333333333334,253.75000000000003,72.11611124131946,30.0,-32.94791458333333
8.466666666666667,254.0,71.84120477777776,30.0,-33.02963666666666
8.475,254.25,71.56561729687502,30.0,-33.111358749999994
8.483333333333333,254.49999999999997,71.28934879861112,30.0,-33.193080833333326
8.491666666666667,254.75,71.01239928298611,30.0,-33.27480291666667
8.5,255.0,70.73476875000006,30.0,-33.35652499999999
8.508333333333333,255.25,70.45645719965279,30.0,-33.43824708333332
8.516666666666667,255.50000000000003,70.17746463194442,30.0,-33.51996916666667
8.525,255.75,69.897791046875,30.0,-33.60169125
8.533333333333333,256.0,69.61743644444448,30.0,-33.683413333333334
8.541666666666666,256.25,69.33640082465286,30.0,-33.76513541666665
8.55,256.5,69.05468418750002,30.0,-33.8468575
8.558333333333334,256.75,68.77228653298613,30.0,-33.92857958333333
8.566666666666666,257.0,68.48920786111114,30.0,-34.01030166666666
8.575,257.25,68.20544817187505,30.0,-34.09202374999998
8.583333333333334,257.5,67.9210074652778,30.0,-34.17374583333333
8.591666666666667,257.75,67.63588574131944,30.0,-34.25546791666666
8.6,258.0,67.35008300000004,30.0,-34.33718999999999
8.608333333333333,258.25,67.06359924131948,30.0,-34.418912083333325
8.616666666666667,258.5,66.77643446527776,30.0,-34.50063416666667
8.625,258.75,66.48858867187505,30.0,-34.58235624999999
8.633333333333333,259.0,66.20006186111112,30.0,-34.66407833333332
8.641666666666667,259.25,65.9108540329861,30.0,-34.74580041666667
8.65,259.5,65.62096518749996,30.0,-34.8275225
8.658333333333333,259.75,65.33039532465278,30.0,-34.90924458333333
8.666666666666666,260.0,65.0391444444445,30.0,-34.99096666666665
8.675,260.25,64.74721254687506,30.0,-35.07268875
8.683333333333334,260.5,64.45459963194446,30.0,-35.15441083333333
8.691666666666666,260.75,64.16130569965281,30.0,-35.23613291666666
8.7,261.0,63.86733075000001,30.0,-35.317854999999994
8.708333333333334,261.25,63.5726747829861,30.0,-35.39957708333334
8.716666666666667,261.5,63.27733779861114,30.0,-35.48129916666666
8.725,261.75,62.98131979687503,30.0,-35.56302124999999
8.733333333333333,262.0,62.68462077777781,30.0,-35.644743333333324
8.741666666666667,262.25,62.38724074131943,30.0,-35.72646541666667
8.75,262.5,62.089179687500064,30.0,-35.80818749999999
8.758333333333333,262.75,61.79043761631948,30.0,-35.88990958333332
8.766666666666667,263.0,61.49101452777779,30.0,-35.97163166666667
8.775,263.25,61.190910421875,30.0,-36.05335375
8.783333333333333,263.5,60.89012529861117,30.0,-36.13507583333333
8.791666666666666,263.75,60.58865915798617,30.0,-36.21679791666665
8.8,264.0,60.286512000000016,30.0,-36.298519999999996
8.808333333333334,264.25,59.983683824652815,30.0,-36.38024208333333
8.816666666666666,264.5,59.68017463194445,30.0,-36.46196416666666
8.825,264.75,59.37598442187499,30.0,-36.54368624999999
8.833333333333334,265.0,59.07111319444442,30.0,-36.62540833333334
8.841666666666667,265.25,58.76556094965281,30.0,-36.70713041666666
8.85,265.5,58.459327687500036,30.0,-36.78885249999999
8.858333333333333,265.75,58.15241340798616,30.0,-36.87057458333332
8.866666666666667,266.0,57.844818111111124,30.0,-36.95229666666667
8.875,266.25,57.536541796874985,30.0,-37.03401875
8.883333333333333,266.5,57.2275844652778,30.0,-37.11574083333332
8.891666666666667,266.75,56.917946116319456,30.0,-37.197462916666666
8.9,267.0,56.60762675000001,30.0,-37.279185
8.908333333333333,267.25,56.29662636631946,30.0,-37.36090708333333
8.916666666666666,267.5,55.98494496527786,30.0,-37.44262916666665
8.925,267.75,55.67258254687505,30.0,-37.524351249999995
8.933333333333334,268.0,55.35953911111113,30.0,-37.60607333333333
8.941666666666666,268.25,55.045814657986114,30.0,-37.68779541666666
8.95,268.5,54.73140918749999,30.0,-37.76951749999999
8.958333333333334,268.75,54.41632269965277,30.0,-37.85123958333334
8.966666666666667,269.0,54.10055519444444,30.0,-37.93296166666666
8.975,269.25,53.784106671875065,30.0,-38.01468374999999
8.983333333333333,269.5,53.466977131944475,30.0,-38.09640583333332
8.991666666666667,269.75,53.14916657465278,30.0,-38.17812791666667
9.0,270.0,52.830674999999985,30.0,-38.25985
9.008333333333333,270.25,52.51150240798614,30.0,-38.34157208333332
9.016666666666667,270.5,52.19164879861114,30.0,-38.423294166666665
9.025,270.75,51.87111417187498,30.0,-38.50501625
9.033333333333333,271.0,51.54989852777783,30.0,-38.58673833333333
9.041666666666666,271.25,51.22800186631946,30.0,-38.66846041666666
9.05,271.5,50.90542418749999,30.0,-38.75018250000001
9.058333333333334,271.75,50.58216549131947,30.0,-38.831904583333326
9.066666666666666,272.0,50.258225777777795,30.0,-38.91362666666666
9.075,272.25,49.933605046875016,30.0,-38.99534874999999
9.083333333333334,272.5,49.60830329861108,30.0,-39.07707083333334
9.091666666666667,272.75,49.28232053298615,30.0,-39.158792916666656
9.1,273.0,48.95565675000006,30.0,-39.24051499999999
9.108333333333333,273.25,48.62831194965281,30.0,-39.32223708333332
9.116666666666667,273.5,48.30028613194446,30.0,-39.40395916666667
9.125,273.75,47.97157929687501,30.0,-39.48568125
9.133333333333333,274.0,47.64219144444451,30.0,-39.56740333333332
9.141666666666667,274.25,47.31212257465279,30.0,-39.649125416666664
9.15,274.5,46.98137268750003,30.0,-39.730847499999996
9.158333333333333,274.75,46.64994178298616,30.0,-39.81256958333333
9.166666666666666,275.0,46.317829861111136,30.0,-39.89429166666666
9.175,275.25,45.98503692187501,30.0,-39.97601375000001
9.183333333333334,275.5,45.65156296527783,30.0,-40.057735833333325
9.191666666666666,275.75,45.3174079913195,30.0,-40.13945791666666
9.2,276.0,44.982572000000005,30.0,-40.22117999999999
9.208333333333334,276.25,44.64705499131941,30.0,-40.302902083333336
9.216666666666667,276.5,44.310856965277765,30.0,-40.38462416666667
9.225,276.75,43.973977921875075,30.0,-40.46634624999999
9.233333333333333,277.0,43.63641786111117,30.0,-40.54806833333332
9.241666666666667,277.25,43.29817678298616,30.0,-40.629790416666665
9.25,277.5,42.95925468749999,30.0,-40.7115125
9.258333333333333,277.75,42.61965157465278,30.0,-40.79323458333333
9.266666666666667,278.0,42.27936744444446,30.0,-40.87495666666666
9.275,278.25,41.93840229687498,30.0,-40.956678749999995
9.283333333333333,278.5,41.59675613194452,30.0,-41.03840083333333
9.291666666666666,278.75,41.254428949652834,30.0,-41.12012291666666
9.3,279.0,40.91142074999999,30.0,-41.201845000000006
9.308333333333334,279.25,40.56773153298616,30.0,-41.283567083333324
9.316666666666666,279.5,40.22336129861117,30.0,-41.365289166666656
9.325,279.75,39.878310046875015,30.0,-41.44701124999999
9.333333333333334,280.0,39.53257777777776,30.0,-41.528733333333335
9.341666666666667,280.25,39.1861644913194,30.0,-41.61045541666667
9.35,280.5,38.839070187500056,30.0,-41.692177499999985
9.358333333333333,280.75,38.49129486631949,30.0,-41.77389958333332
9.366666666666667,281.0,38.142838527777826,30.0,-41.855621666666664
9.375,281.25,37.793701171875,30.0,-41.93734375
9.383333333333333,281.5,37.44388279861113,30.0,-42.01906583333333
9.391666666666667,281.75,37.093383407986096,30.0,-42.100787916666675
9.4,282.0,36.74220300000002,30.0,-42.18250999999999
9.408333333333333,282.25,36.39034157465284,30.0,-42.264232083333326
9.416666666666666,282.5,36.037799131944496,30.0,-42.34595416666666
9.425,282.75,35.684575671874995,30.0,-42.427676250000005
9.433333333333334,283.0,35.33067119444445,30.0,-42.50939833333334
9.441666666666666,283.25,34.9760856996528,30.0,-42.591120416666655
9.45,283.5,34.62081918750005,30.0,-42.67284249999999
9.458333333333334,283.75,34.26487165798608,30.0,-42.754564583333334
9.466666666666667,284.0,33.90824311111106,30.0,-42.836286666666666
9.475,284.25,33.550933546875115,30.0,-42.918008749999984
9.483333333333333,284.5,33.19294296527784,30.0,-42.99973083333332
9.491666666666667,284.75,32.834271366319456,30.0,-43.08145291666666
9.5,285.0,32.47491875000003,30.0,-43.163174999999995
9.508333333333333,285.25,32.11488511631944,30.0,-43.24489708333333
9.516666666666667,285.5,31.754170465277753,30.0,-43.326619166666674
9.525,285.75,31.392774796875017,30.0,-43.40834124999999
9.533333333333333,286.0,31.030698111111178,30.0,-43.490063333333325
9.541666666666666,286.25,30.66794040798618,30.0,-43.57178541666666
9.55,286.5,30.30450168750002,30.0,-43.6535075
9.558333333333334,286.75,29.94038194965276,30.0,-43.735229583333336
9.566666666666666,287.0,29.57558119444451,30.0,-43.816951666666654
9.575,287.25,29.210099421875043,30.0,-43.898673749999986
9.583333333333334,287.5,28.843936631944416,30.0,-43.98039583333333
9.591666666666667,287.75,28.477092824652743,30.0,-44.062117916666665
9.6,288.0,28.109568000000024,30.0,-44.14384
9.608333333333333,288.25,27.741362157986202,30.0,-44.225562083333315
9.616666666666667,288.5,27.372475298611164,30.0,-44.30728416666666
9.625,288.75,27.002907421875022,30.0,-44.389006249999994
9.633333333333333,289.0,26.632658527777778,30.0,-44.47072833333333
9.641666666666667,289.25,26.26172861631943,30.0,-44.55245041666667
9.65,289.5,25.890117687500037,30.0,-44.63417249999999
9.658333333333333,289.75,25.51782574131954,30.0,-44.71589458333332
9.666666666666666,290.0,25.144852777777828,30.0,-44.797616666666656
9.675,290.25,24.771198796875012,30.0,-44.87933875
9.683333333333334,290.5,24.396863798611093,30.0,-44.961060833333335
9.691666666666666,290.75,24.021847782986185,30.0,-45.04278291666665
9.7,291.0,23.64615075000006,30.0,-45.124504999999985
9.708333333333334,291.25,23.269772699652776,30.0,-45.20622708333333
9.716666666666667,291.5,22.892713631944446,30.0,-45.287949166666664
9.725,291.75,22.514973546875012,30.0,-45.369671249999996
9.733333333333333,292.0,22.136552444444533,30.0,-45.451393333333314
9.741666666666667,292.25,21.757450324652837,30.0,-45.53311541666666
9.75,292.5,21.377667187500037,30.0,-45.61483749999999
9.758333333333333,292.75,20.997203032986135,30.0,-45.696559583333325
9.766666666666667,293.0,20.616057861111074,30.0,-45.77828166666667
9.775,293.25,20.234231671874966,30.0,-45.860003750000004
9.783333333333333,293.5,19.85172446527787,30.0,-45.94172583333332
9.791666666666666,293.75,19.468536241319498,30.0,-46.023447916666655
9.8,294.0,19.084667000000024,30.0,-46.10517
9.808333333333334,294.25,18.700116741319448,30.0,-46.18689208333333
9.816666666666666,294.5,18.31488546527777,30.0,-46.268614166666666
9.825,294.75,17.928973171875043,30.0,-46.350336249999984
9.833333333333334,295.0,17.5423798611111,30.0,-46.43205833333333
9.841666666666667,295.25,17.155105532986113,30.0,-46.51378041666666
9.85,295.5,16.76715018750002,30.0,-46.595502499999995
9.858333333333333,295.75,16.378513824652885,30.0,-46.67722458333331
9.866666666666667,296.0,15.989196444444474,30.0,-46.75894666666666
9.875,296.25,15.599198046875017,30.0,-46.84066874999999
9.883333333333333,296.5,15.208518631944457,30.0,-46.922390833333324
9.891666666666667,296.75,14.817158199652738,30.0,-47.00411291666667
9.9,297.0,14.425116749999972,30.0,-47.085835
9.908333333333333,297.25,14.032394282986218,30.0,-47.16755708333332
9.916666666666666,297.5,13.63899079861119,30.0,-47.24927916666665
9.925,297.75,13.244906296875001,30.0,-47.33100125
9.933333333333334,298.0,12.850140777777767,30.0,-47.41272333333333
9.941666666666666,298.25,12.45469424131943,30.0,-47.494445416666665
9.95,298.5,12.058566687500047,30.0,-47.57616749999998
9.958333333333334,298.75,11.661758116319447,30.0,-47.65788958333333
9.966666666666667,299.0,11.264268527777801,30.0,-47.73961166666666
9.975,299.25,10.866097921875053,30.0,-47.821333749999994
9.983333333333333,299.5,10.467246298611144,30.0,-47.903055833333326
9.991666666666667,299.75,10.067713657986076,30.0,-47.98477791666667
10.0,300.0,9.667500000000018,30.0,-48.06649999999999
